,City,Cloudiness,Country,Date,Humidity,Latitude,Longitude,Max Temp,Wind Speed
0,Katangli,76,RU,1533698454,76,51.71,143.23,61.75,1.59
1,Gushikawa,20,JP,1533696960,70,26.35,127.87,89.6,10.29
2,Jamestown,0,AU,1533698454,78,-33.21,138.6,54.28,14.67
3,Khuldabad,88,IN,1533698455,82,20.05,75.18,76.73,12.66
4,Busselton,0,AU,1533698455,94,-33.64,115.35,62.38,21.83
5,Yellowknife,75,CA,1533697200,63,62.45,-114.38,62.6,6.96
6,Axim,80,GH,1533698456,99,4.87,-2.24,76.73,13.0
7,Hermanus,20,ZA,1533698456,98,-34.42,19.24,33.58,2.15
8,Kaitangata,12,NZ,1533698456,91,-46.28,169.85,53.02,4.38
9,Ponta Delgada,40,PT,1533697200,82,37.73,-25.67,68.0,6.85
10,Rikitea,8,PF,1533698457,100,-23.12,-134.97,73.58,8.52
11,Alto Araguaia,0,BR,1533698457,63,-17.32,-53.22,67.96,8.19
12,Severo-Kurilsk,80,RU,1533698457,90,50.68,156.12,56.03,3.38
13,Dunedin,48,NZ,1533698458,93,-45.87,170.5,52.52,1.36
14,Maragogi,76,BR,1533698458,96,-9.01,-35.22,71.65,4.38
15,Qinzhou,0,CN,1533698458,91,21.96,108.62,87.35,4.27
16,Kodiak,1,US,1533696780,94,39.95,-94.76,71.6,4.7
17,Mataura,0,NZ,1533698459,94,-46.19,168.86,52.97,4.72
18,Butaritari,32,KI,1533698459,100,3.07,172.79,83.93,7.18
19,Alpena,1,US,1533695700,93,45.06,-83.43,66.2,3.49
20,Hilo,90,US,1533698040,69,19.71,-155.08,80.6,10.29
21,East London,0,ZA,1533697200,100,-33.02,27.91,50.0,16.11
22,Castro,36,CL,1533698461,100,-42.48,-73.76,36.5,4.72
23,Upernavik,92,GL,1533698461,84,72.79,-56.15,42.94,5.73
24,Puerto Ayora,0,EC,1533698461,100,-0.74,-90.35,70.03,11.99
25,Tuy Hoa,88,VN,1533698462,92,13.08,109.3,81.19,18.48
26,Port Lincoln,32,AU,1533698384,87,-34.72,135.86,58.78,14.12
27,Benxi,0,CN,1533695400,69,41.29,123.76,82.4,6.71
28,Dingle,92,PH,1533698463,98,11.0,122.67,75.65,13.0
29,Khatanga,12,RU,1533698463,98,71.98,102.47,55.18,4.72
30,Moose Factory,1,CA,1533697200,93,51.26,-80.61,55.4,3.36
31,Atuona,100,PF,1533698464,100,-9.8,-139.03,75.88,15.23
32,Fairmont,1,US,1533696900,83,40.64,-97.59,73.4,3.36
33,Yurla,44,RU,1533698464,81,59.33,54.32,57.97,4.27
34,Thompson,75,CA,1533697200,93,55.74,-97.86,60.8,5.82
35,Vaini,100,IN,1533698465,98,15.34,74.49,69.53,7.4
36,Gat,56,SN,1533698465,92,14.69,-16.54,75.07,7.29
37,Itarema,12,BR,1533698465,87,-2.92,-39.92,76.42,13.78
38,Tsumeb,0,NA,1533698466,47,-19.25,17.72,56.98,7.74
39,Ushuaia,0,AR,1533693600,100,-54.81,-68.31,32.0,5.82
40,Salalah,90,OM,1533693000,88,17.01,54.1,78.8,3.36
41,Lubango,0,AO,1533698466,86,-14.92,13.49,52.48,0.58
42,Hobart,40,AU,1533697380,47,-42.88,147.33,59.0,23.04
43,Lumphat,80,KH,1533698467,100,13.5,106.97,73.54,2.59
44,Rabo de Peixe,40,PT,1533697200,82,37.8,-25.58,68.0,6.85
45,Libreville,75,GA,1533695400,83,0.39,9.45,75.2,8.05
46,Bandarbeyla,0,SO,1533698468,90,9.49,50.81,78.76,29.44
47,Chokurdakh,0,RU,1533698468,86,70.62,147.9,47.03,9.08
48,San Juan,40,PR,1533693360,78,18.47,-66.12,82.4,10.29
49,Naze,75,NG,1533693600,100,5.43,7.07,73.4,6.17
50,Georgetown,20,GY,1533693600,94,6.8,-58.16,77.0,2.24
51,Port Elizabeth,75,US,1533696960,100,39.31,-74.98,80.6,3.36
52,Codrington,0,AU,1533698471,60,-28.95,153.24,61.93,3.49
53,Okha,0,RU,1533698472,77,53.59,142.95,71.74,3.83
54,Pitkyaranta,12,RU,1533698264,83,61.57,31.48,50.41,2.37
55,Fairview,75,US,1533696960,88,40.81,-74.0,78.8,3.15
56,New Norfolk,40,AU,1533697380,47,-42.78,147.06,59.0,23.04
57,Port Hardy,20,CA,1533697200,72,50.7,-127.42,62.6,5.82
58,Sao Filipe,68,CV,1533698474,100,14.9,-24.5,74.98,8.63
59,Sicuani,0,PE,1533698474,64,-14.27,-71.23,32.18,1.81
60,Sisimiut,100,GL,1533698475,92,66.94,-53.67,49.1,0.69
61,Harnosand,0,SE,1533696600,93,62.63,17.94,53.6,5.82
62,Cape Town,20,ZA,1533697200,93,-33.93,18.42,37.4,1.12
63,Sinnamary,44,GF,1533698476,94,5.38,-52.96,81.73,12.44
64,Naryan-Mar,12,RU,1533698476,82,67.67,53.09,50.77,10.98
65,Barrow,92,AR,1533698377,99,-38.31,-60.23,50.72,21.72
66,Punta Arenas,75,CL,1533693600,93,-53.16,-70.91,35.6,5.82
67,Paamiut,92,GL,1533698477,90,61.99,-49.67,44.02,27.87
68,Gimli,56,CA,1533698477,87,50.63,-96.99,67.42,3.27
69,Kachug,8,RU,1533698477,76,53.96,105.89,64.45,3.6
70,Warri,76,NG,1533698478,97,5.52,5.75,72.23,5.5
71,Bambous Virieux,75,MU,1533697200,73,-20.34,57.76,69.8,5.17
72,Chuy,0,UY,1533698479,85,-33.69,-53.46,54.68,18.25
73,Viedma,44,AR,1533698479,84,-40.81,-62.99,46.81,22.73
74,Hayden,1,US,1533697080,24,47.77,-116.79,87.8,3.36
75,Coquimbo,0,CL,1533693600,81,-29.95,-71.34,51.8,6.93
76,Gorontalo,0,ID,1533698480,61,0.54,123.06,85.51,5.95
77,Albany,75,US,1533696840,88,42.65,-73.75,73.4,6.93
78,Nago,90,IT,1533696900,93,45.88,10.89,73.4,11.41
79,Dryden,1,CA,1533697200,64,49.79,-92.84,71.6,10.29
80,Zhanakorgan,0,KZ,1533698481,30,43.91,67.25,86.63,15.23
81,Tabou,0,CI,1533698481,100,4.42,-7.36,76.51,11.21
82,Lastoursville,24,GA,1533698482,96,-0.81,12.73,69.98,2.15
83,Tieling,92,CN,1533698482,79,42.29,123.84,80.65,5.61
84,Hofn,32,IS,1533698482,96,64.25,-15.21,48.61,17.69
85,Kapaa,20,US,1533696960,69,22.08,-159.32,87.8,18.34
86,Paita,0,PE,1533698483,85,-5.09,-81.11,66.97,6.62
87,Longyearbyen,20,NO,1533694800,75,78.22,15.63,42.8,2.24
88,Faanui,80,PF,1533698483,100,-16.48,-151.75,77.14,19.04
89,Pochutla,75,MX,1533696060,74,15.74,-96.47,78.8,6.29
90,Romny,0,UA,1533698484,88,50.74,33.49,56.44,3.83
91,Penzance,80,GB,1533693000,87,50.12,-5.53,57.2,4.7
92,Los Llanos de Aridane,8,ES,1533697200,73,28.66,-17.92,73.4,14.99
93,Tuatapere,48,NZ,1533698485,100,-46.13,167.69,49.87,4.5
94,Mporokoso,0,ZM,1533698485,46,-9.37,30.12,55.85,8.52
95,Victoria,75,BN,1533697200,74,5.28,115.24,86.0,5.82
96,Mansehra,92,PK,1533698486,97,34.33,73.2,68.05,1.59
97,Lezhe,0,AL,1533696600,88,41.78,19.64,69.8,2.59
98,Sao Joao da Barra,76,BR,1533698487,100,-21.64,-41.05,69.17,9.98
99,Carnarvon,0,ZA,1533698487,66,-30.97,22.13,19.36,6.17
100,Mahebourg,75,MU,1533697200,73,-20.41,57.7,69.8,5.17
101,Pevek,76,RU,1533698487,100,69.7,170.27,37.0,13.44
102,Vestmannaeyjar,36,IS,1533698488,83,63.44,-20.27,49.51,18.7
103,Sokoni,0,CD,1533698488,55,-12.89,28.78,60.35,7.29
104,Doha,64,QA,1533693600,56,25.29,51.53,93.2,9.17
105,Sitka,0,US,1533698488,69,37.17,-99.65,76.78,4.16
106,Santa Maria,0,BR,1533693600,93,-29.69,-53.81,51.8,2.24
107,Pisco,0,PE,1533693600,82,-13.71,-76.2,60.8,5.82
108,Vila Velha,75,BR,1533697200,83,-3.71,-38.6,78.8,12.75
109,Port Alfred,24,ZA,1533698491,96,-33.59,26.89,55.27,20.38
110,Neftcala,88,AZ,1533698491,91,39.37,49.25,76.69,3.27
111,Nemuro,75,JP,1533693600,100,43.32,145.57,57.2,10.29
112,Tautira,40,PF,1533697200,61,-17.73,-149.15,80.6,18.34
113,Bluff,0,AU,1533698493,21,-23.58,149.07,70.93,6.17
114,Iqaluit,20,CA,1533697200,93,63.75,-68.52,41.0,11.1
115,Provideniya,90,RU,1533695400,81,64.42,-173.23,51.8,11.18
116,Ribeira Grande,92,PT,1533698494,100,38.52,-28.7,72.64,6.85
117,Tirano,0,IT,1533696900,100,46.22,10.17,53.6,3.36
118,Nikolskoye,68,RU,1533695400,93,59.7,30.79,55.4,2.24
119,Arraial do Cabo,20,BR,1533698494,100,-22.97,-42.02,62.87,0.58
120,Nome,1,US,1533696900,83,30.04,-94.42,78.8,4.7
121,Esperance,75,TT,1533697200,94,10.24,-61.45,78.8,5.82
122,Awbari,64,LY,1533698495,18,26.59,12.77,88.3,4.38
123,Mar del Plata,0,AR,1533698496,97,-46.43,-67.52,30.88,5.61
124,Pangnirtung,92,CA,1533698496,95,66.15,-65.72,42.4,8.41
125,Xining,88,CN,1533698496,84,36.62,101.77,60.53,3.71
126,Qaanaaq,56,GL,1533698496,94,77.48,-69.36,37.18,5.06
127,Luderitz,0,NA,1533698497,80,-26.65,15.16,52.25,24.07
128,Corum,88,TR,1533696600,93,38.8,29.89,59.0,2.24
129,Timmins,20,CA,1533697200,100,48.48,-81.33,51.8,3.15
130,Lebork,0,PL,1533697200,63,54.54,17.75,66.2,5.82
131,Cabo San Lucas,90,MX,1533696180,83,22.89,-109.91,78.8,6.93
132,General Roca,0,AR,1533693600,45,-39.03,-67.58,48.2,4.7
133,Morant Bay,20,JM,1533697200,66,17.88,-76.41,86.0,21.92
134,Mundargi,92,IN,1533698498,88,15.22,75.9,73.18,16.58
135,Kieta,12,PG,1533698499,90,-6.22,155.63,82.13,5.17
136,Znamenskoye,8,RU,1533698499,94,57.13,73.82,67.73,9.08
137,Sivani,80,IN,1533698499,100,22.09,79.55,73.58,5.61
138,Yongan,44,CN,1533698500,87,39.7,113.69,74.93,3.71
139,Opuwo,0,NA,1533698500,70,-18.06,13.84,49.51,3.27
140,Gawler,20,AU,1533697200,72,-34.6,138.75,59.0,12.75
141,Baruun-Urt,0,MN,1533698501,76,46.68,113.28,73.58,3.71
142,Laurel,20,US,1533696780,27,45.67,-108.77,75.2,9.17
143,Dawson Creek,1,CA,1533697200,46,55.76,-120.23,73.4,4.7
144,Masunga,0,BW,1533698502,62,-20.62,27.45,53.2,2.71
145,Rock Sound,44,BS,1533698460,98,24.9,-76.2,84.02,13.67
146,Caravelas,92,BR,1533698502,100,-17.73,-39.27,74.08,16.46
147,Nizhniy Kuranakh,24,RU,1533698503,68,58.84,125.49,69.76,2.15
148,Saldanha,0,PT,1533698503,88,41.42,-6.55,54.05,2.59
149,Gwadar,8,PK,1533698503,95,25.12,62.33,81.55,13.44
150,Haimen,0,CN,1533698503,68,31.87,121.18,91.85,9.42
151,Sibolga,48,ID,1533698504,91,1.74,98.78,74.48,1.81
152,Avarua,90,CK,1533697200,94,-21.21,-159.78,68.0,8.05
153,Yerbogachen,8,RU,1533698505,57,61.28,108.01,61.03,5.17
154,Haines Junction,100,CA,1533698505,63,60.75,-137.51,52.57,9.53
155,Qasigiannguit,75,GL,1533696600,47,68.82,-51.19,57.2,20.8
156,Mount Gambier,68,AU,1533698505,84,-37.83,140.78,53.29,9.19
157,Inhambane,12,MZ,1533698506,98,-23.87,35.38,71.15,8.19
158,Yar-Sale,92,RU,1533698506,92,66.83,70.83,57.52,8.75
159,Saint George,0,GR,1533696600,64,39.45,22.34,69.8,5.82
160,Port Moresby,40,PG,1533693600,70,-9.47,147.16,86.0,17.22
161,Ploemeur,75,FR,1533697200,93,47.73,-3.43,59.0,3.36
162,Taoudenni,36,ML,1533698508,74,22.68,-3.98,73.85,8.52
163,Saint-Pierre,90,FR,1533697200,72,48.95,4.24,68.0,13.87
164,Airai,44,TL,1533698509,53,-8.93,125.41,81.82,1.92
165,Namibe,0,AO,1533698509,100,-15.19,12.15,63.77,0.25
166,Ancud,56,CL,1533698509,92,-41.87,-73.83,41.14,4.83
167,Aklavik,90,CA,1533697200,100,68.22,-135.01,41.0,12.75
168,Shimoda,75,JP,1533693720,83,34.7,138.93,78.8,29.97
169,Krasnoarmeysk,0,RU,1533695400,100,56.12,38.15,53.6,8.95
170,Andover,75,US,1533696960,78,42.66,-71.14,80.6,5.82
171,Broken Hill,0,AU,1533698511,60,-31.97,141.45,61.21,13.78
172,Takoradi,92,GH,1533698511,100,4.89,-1.75,75.97,9.86
173,Mazamari,0,PE,1533698272,94,-11.33,-74.53,62.02,1.48
174,Saint-Philippe,1,CA,1533697200,88,45.36,-73.48,73.4,5.82
175,Isangel,0,VU,1533698512,100,-19.55,169.27,72.95,9.08
176,Nantucket,75,US,1533695700,94,41.28,-70.1,77.0,13.87
177,Benguela,76,AO,1533698512,100,-12.58,13.4,66.25,3.71
178,Bonavista,8,CA,1533698513,86,48.65,-53.11,64.4,11.65
179,Beloha,20,MG,1533698513,79,-25.17,45.06,56.75,3.6
180,Anaconda,1,US,1533696780,25,46.13,-112.94,73.4,10.29
181,Dikson,92,RU,1533698514,81,73.51,80.55,49.06,21.27
182,Tuktoyaktuk,90,CA,1533697200,93,69.44,-133.03,42.8,18.34
183,Norman Wells,90,CA,1533697200,82,65.28,-126.83,60.8,4.7
184,Khuzhir,12,RU,1533698514,76,53.19,107.35,61.3,2.71
185,Manokwari,20,ID,1533698515,100,-0.87,134.08,82.67,7.52
186,Necochea,92,AR,1533698515,97,-38.55,-58.74,54.5,6.17
187,Souillac,75,FR,1533697200,88,45.6,-0.6,62.6,2.24
188,Kargil,76,PK,1533698516,100,34.56,76.13,33.4,1.14
189,Rupert,1,US,1533696780,33,42.62,-113.68,80.6,5.82
190,Tezu,80,IN,1533698517,91,27.93,96.16,71.87,1.7
191,Kirakira,24,SB,1533698517,100,-10.46,161.92,81.23,13.89
192,Te Anau,24,NZ,1533698517,85,-45.41,167.72,46.63,6.62
193,Russell,0,AR,1533693600,52,-33.01,-68.8,46.4,3.36
194,Saskylakh,0,RU,1533698518,71,71.97,114.09,66.02,7.74
195,Acapulco,40,MX,1533696540,79,16.86,-99.88,84.2,2.24
196,Constitucion,90,MX,1533698100,72,23.99,-104.67,64.4,4.7
197,Save,24,BJ,1533698519,93,8.04,2.49,70.75,6.62
198,Barentu,92,ER,1533698519,97,15.11,37.59,64.67,6.17
199,Lompoc,1,US,1533697380,82,34.64,-120.46,69.8,10.29
200,Champerico,75,MX,1533696780,73,16.38,-93.6,77.0,12.75
201,Husavik,56,CA,1533698520,87,50.56,-96.99,67.42,3.27
202,Lavrentiya,100,RU,1533698520,99,65.58,-170.99,46.36,2.82
203,Tasiilaq,8,GL,1533696600,100,65.61,-37.64,37.4,12.75
204,Antalaha,76,MG,1533698521,91,-14.9,50.28,65.17,5.39
205,Nioro,48,GM,1533698521,96,13.79,-15.05,75.38,6.17
206,Quatre Cocos,75,MU,1533697200,73,-20.21,57.76,69.8,5.17
207,Torbay,20,CA,1533697200,93,47.66,-52.73,64.4,5.82
208,Muzhi,92,RU,1533698522,100,65.4,64.7,58.37,8.52
209,Demidov,0,RU,1533698522,82,55.27,31.52,50.95,5.17
210,Nurmijarvi,0,FI,1533696600,93,60.46,24.81,46.4,2.37
211,Fortuna,20,ES,1533697200,88,38.18,-1.13,78.8,2.24
212,Peniche,40,PT,1533697200,100,39.36,-9.38,62.6,6.93
213,Palana,92,RU,1533698524,82,59.08,159.95,60.53,3.38
214,Hithadhoo,80,MV,1533698524,100,-0.6,73.08,78.31,4.83
215,Brunswick,0,DE,1533696600,50,52.26,10.53,77.0,5.82
216,Komsomolskiy,100,RU,1533698525,99,67.55,63.78,53.92,11.77
217,Goderich,88,CA,1533698525,91,43.74,-81.71,66.2,5.5
218,Plouzane,0,FR,1533697200,87,48.38,-4.62,59.0,5.82
219,Makakilo City,75,US,1533697020,51,21.35,-158.09,84.2,10.29
220,Yeppoon,0,AU,1533697200,19,-23.13,150.74,71.6,8.05
221,Ponta do Sol,8,BR,1533698527,80,-20.63,-46.0,54.05,2.82
222,Kushima,75,JP,1533695880,66,31.5,131.29,91.4,12.75
223,Laguna,90,MX,1533693060,62,27.52,-110.01,84.2,10.29
224,Eureka,90,US,1533696900,100,40.8,-124.16,55.4,4.7
225,Hami,12,CN,1533698528,48,42.84,93.51,86.68,7.63
226,Kommunisticheskiy,36,RU,1533698529,81,61.68,64.48,61.25,5.95
227,Banda Aceh,80,ID,1533698282,74,5.56,95.32,82.45,6.51
228,Yuyao,20,CN,1533693600,62,30.04,121.15,89.6,4.47
229,Muswellbrook,0,AU,1533698529,62,-32.27,150.89,58.78,12.21
230,Jalu,0,LY,1533698530,35,29.03,21.55,86.05,11.65
231,Gurupi,12,BR,1533698236,80,-11.73,-49.07,74.57,5.73
232,Lebu,40,ET,1533697200,82,8.96,38.73,57.2,5.17
233,Menongue,0,AO,1533698531,64,-14.66,17.68,53.15,2.59
234,Ambulu,56,ID,1533698531,89,-8.35,113.61,77.63,7.4
235,Santo Amaro da Imperatriz,75,BR,1533693900,93,-27.69,-48.78,57.2,5.82
236,Saint Anthony,1,US,1533696960,23,43.97,-111.68,78.8,4.7
237,Kahului,20,US,1533696960,54,20.89,-156.47,84.2,23.04
238,Kalmunai,24,LK,1533698290,71,7.42,81.82,83.17,3.6
239,Marsa Matruh,0,EG,1533693600,88,31.35,27.25,73.4,5.82
240,Miramar,20,CR,1533697200,94,10.09,-84.73,71.6,4.7
241,Yulara,0,AU,1533697200,20,-25.24,130.99,68.0,8.05
242,Talnakh,64,RU,1533698533,66,69.49,88.39,53.38,14.45
243,Lizzano,0,IT,1533696600,60,40.39,17.45,73.4,2.24
244,Lorengau,48,PG,1533698280,100,-2.02,147.27,82.81,2.71
245,Santa Rosa,88,AR,1533698535,89,-36.62,-64.29,47.17,22.28
246,Icara,0,BR,1533698535,100,-28.71,-49.3,55.18,12.44
247,Kavieng,44,PG,1533698281,100,-2.57,150.8,79.7,4.94
248,Burnie,64,AU,1533698536,100,-41.05,145.91,52.7,21.16
249,Bayshore Gardens,1,US,1533698100,88,27.43,-82.59,82.4,4.7
250,Belaya Gora,64,RU,1533698537,60,68.54,146.19,54.28,8.52
251,Stillwater,1,US,1533696900,78,36.12,-97.06,82.4,3.36
252,Kiama,0,AU,1533695400,58,-34.67,150.86,60.8,21.92
253,Portland,40,US,1533696960,33,45.52,-122.67,91.4,11.41
254,Toba,20,JP,1533695400,62,34.47,136.83,89.6,11.41
255,Ampanihy,0,MG,1533698538,81,-24.69,44.75,53.11,2.71
256,Port Blair,68,IN,1533698538,100,11.67,92.75,81.05,20.04
257,San Vicente,40,SV,1533696600,83,13.64,-88.78,82.4,4.7
258,Topolobampo,90,MX,1533696060,58,25.6,-109.05,84.2,4.7
259,Ajdabiya,0,LY,1533698540,33,30.75,20.22,86.5,14.23
260,Steamboat Springs,1,US,1533696960,18,40.48,-106.83,71.6,5.82
261,Luganville,20,VU,1533698541,100,-15.51,167.18,77.5,10.31
262,Colombo,40,LK,1533694200,83,6.93,79.85,78.8,5.82
263,Praia da Vitoria,40,PT,1533697200,83,38.73,-27.07,71.6,9.19
264,Katsuura,75,JP,1533693600,51,33.93,134.5,84.2,5.82
265,Dicabisagan,92,PH,1533698542,100,17.08,122.42,77.59,10.2
266,Cherskiy,0,RU,1533698543,63,68.75,161.3,50.18,6.51
267,Sale,8,GB,1533696600,93,53.42,-2.32,55.4,3.36
268,Fare,92,PF,1533698544,100,-16.7,-151.02,76.82,19.26
269,Matay,0,EG,1533698544,67,28.42,30.79,75.25,10.2
270,Keflavik,75,IS,1533695400,81,64.0,-22.56,48.2,23.04
271,Ust-Kalmanka,80,RU,1533698545,60,52.12,83.31,65.57,4.5
272,Primorsko-Akhtarsk,0,RU,1533698545,100,46.05,38.18,74.3,11.65
273,Priiskovyy,8,RU,1533698545,88,51.93,116.63,68.86,4.38
274,High Prairie,76,CA,1533698545,51,55.43,-116.48,69.22,7.63
275,Mamakan,92,RU,1533698546,92,57.82,114.02,53.83,2.93
276,Grindavik,75,IS,1533695400,81,63.84,-22.43,48.2,23.04
277,Tashtagol,24,RU,1533698546,64,52.76,87.85,69.31,2.93
278,Sosnovo-Ozerskoye,0,RU,1533698547,100,52.53,111.54,64.58,3.6
279,Simpang,75,MY,1533697200,69,4.82,100.71,82.4,4.7
280,Muros,40,ES,1533697200,100,42.77,-9.06,57.2,7.4
281,Wattegama,100,LK,1533698548,99,7.35,80.68,70.88,5.5
282,Jiangyou,36,CN,1533698548,83,31.78,104.73,83.93,4.16
283,Bara,92,NG,1533698549,90,10.41,10.6,71.47,4.83
284,Paka,0,HR,1533697200,100,45.29,18.06,64.4,2.24
285,Oktyabrskiy,0,RU,1533695400,82,55.61,37.97,55.4,11.18
286,Teknaf,48,BD,1533698550,91,20.86,92.31,80.83,3.94
287,Pitimbu,20,BR,1533693600,88,-7.47,-34.81,73.4,6.93
288,Zhigansk,0,RU,1533698550,50,66.77,123.37,70.48,2.26
289,Tiksi,0,RU,1533698551,72,71.64,128.87,56.89,10.76
290,Mbeya,0,TZ,1533698551,83,-8.91,33.47,42.35,2.37
291,Kathu,0,ZA,1533698551,46,-27.7,23.05,30.02,9.64
292,Kruisfontein,24,ZA,1533698551,86,-34.0,24.73,54.5,18.92
293,Bowen,0,AU,1533693600,100,-20.01,148.25,73.4,14.99
294,Ayan,0,TR,1533698552,83,40.67,33.6,50.0,2.26
295,Armizonskoye,68,RU,1533698552,77,55.95,67.67,70.84,4.27
296,Impfondo,88,CD,1533698553,100,1.62,18.06,68.86,2.48
297,Clyde River,1,CA,1533697200,80,70.47,-68.59,39.2,9.17
298,Gravdal,80,NO,1533696600,77,59.79,5.78,62.6,11.41
299,Umm Kaddadah,64,SD,1533698554,98,13.6,26.69,69.22,4.38
300,Ankang,36,CN,1533698554,77,32.73,108.99,82.45,1.92
301,Kudahuvadhoo,56,MV,1533698554,100,2.67,72.89,83.17,16.13
302,Otradnoye,68,RU,1533695400,93,59.77,30.8,55.4,2.24
303,Mahibadhoo,36,MV,1533698555,100,3.78,72.97,80.83,13.78
304,Marawi,12,PH,1533698555,70,8.0,124.29,80.78,6.17
305,Brainerd,1,US,1533695700,88,46.36,-94.2,71.6,7.4
306,Elizabeth City,1,US,1533697140,88,36.3,-76.22,84.2,10.29
307,Tarakan,0,ID,1533698556,82,3.3,117.63,86.23,7.52
308,Baoding,56,CN,1533698556,93,38.86,115.49,80.2,4.5
309,Porto Novo,40,BR,1533693600,82,-23.68,-45.44,62.6,3.36
310,Byron Bay,0,AU,1533697200,32,-28.65,153.62,66.2,10.29
311,Wahiawa,90,US,1533697020,58,21.5,-158.02,84.2,12.75
312,Kloulklubed,75,PW,1533696600,74,7.04,134.26,86.0,11.41
313,Wajima,75,JP,1533693600,69,37.4,136.9,82.4,5.82
314,Henties Bay,0,NA,1533698558,100,-22.12,14.28,50.9,8.75
315,Bathsheba,40,BB,1533697200,78,13.22,-59.52,80.6,16.11
316,Jalingo,92,NG,1533698559,90,10.3,10.93,71.47,4.83
317,Bredasdorp,76,ZA,1533697200,93,-34.53,20.04,39.2,5.82
318,Praxedis Guerrero,20,MX,1533696660,20,31.37,-106.02,95.0,4.7
319,Ranong,75,TH,1533693600,88,9.96,98.62,80.6,6.93
320,Voykove,24,UA,1533698560,98,45.38,36.44,80.74,17.92
321,Tessalit,44,ML,1533698560,58,20.2,1.01,79.52,11.88
322,Bethel,90,US,1533696780,58,60.79,-161.76,59.0,14.99
323,Strezhevoy,0,RU,1533695400,93,60.73,77.6,60.8,8.95
324,Murray,1,US,1533697080,24,40.67,-111.89,84.2,1.92
325,Banjar,12,ID,1533698562,51,-7.37,108.54,82.4,3.49
326,Turkan,0,AF,1533698562,71,35.6,68.92,54.19,1.92
327,Cangzhou,92,CN,1533698563,100,38.3,116.85,79.39,9.31
328,Guanica,90,PR,1533696600,83,17.97,-66.91,80.6,8.05
329,Poum,0,MK,1533697200,82,41.28,20.71,59.0,4.7
330,Lukulu,0,ZM,1533698564,47,-14.38,23.24,55.22,8.63
331,Astana,40,KZ,1533695400,93,51.13,71.43,66.2,4.47
332,Great Falls,1,US,1533696780,22,47.5,-111.29,84.2,4.7
333,Kontagora,80,NG,1533698564,97,10.4,5.47,70.52,5.39
334,Cidreira,0,BR,1533698565,95,-30.17,-50.22,55.18,12.66
335,Dolores,100,UY,1533698565,94,-33.53,-58.22,60.35,13.89
336,Lagoa,0,PT,1533697200,68,37.14,-8.45,68.0,11.41
337,Road Town,20,VG,1533696780,78,18.42,-64.62,82.4,9.17
338,Flinders,0,AU,1533695400,58,-34.58,150.85,60.8,21.92
339,Garden City,20,US,1533696960,94,40.73,-73.63,78.8,4.7
340,Sobolevo,0,RU,1533698567,83,54.43,31.9,50.27,3.94
341,Boa Vista,20,BR,1533697200,88,2.82,-60.67,78.8,2.24
342,Aktau,40,KZ,1533695400,60,43.65,51.16,75.2,8.95
343,Zhanaozen,0,KZ,1533698569,31,43.35,52.85,78.08,3.6
344,Santa Maria del Oro,92,MX,1533698569,50,25.95,-105.37,68.27,3.94
345,Ornskoldsvik,90,SE,1533696600,100,63.29,18.72,51.8,2.24
346,Qaqortoq,100,GL,1533696600,62,60.72,-46.03,51.8,1.12
347,Mutoko,0,ZW,1533698570,79,-17.4,32.23,52.7,2.37
348,Alofi,75,NU,1533697200,64,-19.06,-169.92,75.2,12.75
349,Iquique,90,CL,1533693600,77,-20.22,-70.14,59.0,3.36
350,Hasaki,75,JP,1533695760,94,35.73,140.83,75.2,21.92
351,Zabolotovka,0,RU,1533698571,82,50.28,39.32,61.52,8.63
352,Hailar,64,CN,1533698571,100,49.2,119.7,71.47,1.14
353,Abu Kamal,0,SY,1533698572,48,34.45,40.92,78.17,10.76
354,Manitouwadge,0,CA,1533698572,78,49.12,-85.84,56.53,5.95
355,Vaitape,92,PF,1533698573,100,-16.52,-151.75,78.31,21.05
356,Varsag,48,RO,1533698573,95,46.52,25.35,56.62,2.15
357,Ferrol,88,ES,1533697200,93,43.48,-8.23,60.8,3.36
358,Nanortalik,92,GL,1533698574,96,60.14,-45.24,42.53,12.77
359,Suez,48,EG,1533698574,96,29.97,32.54,71.2,2.82
360,Chara,0,GR,1533696600,64,39.42,22.43,69.8,5.82
361,Pahrump,1,US,1533696780,9,36.21,-115.98,105.8,6.93
362,Luquillo,90,PR,1533697860,88,18.37,-65.72,82.4,5.82
363,Nuevo Ideal,88,MX,1533698575,77,24.89,-105.07,61.57,2.15
364,Rio Gallegos,20,AR,1533693600,99,-51.62,-69.22,32.0,3.36
365,Falmouth,80,GB,1533693000,87,50.16,-5.07,57.2,4.7
366,Itupiranga,0,BR,1533693600,83,-5.13,-49.33,80.6,3.36
367,Conde,92,BR,1533698505,96,-11.81,-37.61,73.67,6.96
368,Soligalich,32,RU,1533698576,93,59.08,42.29,54.19,9.31
369,Comodoro Rivadavia,0,AR,1533693600,65,-45.87,-67.48,41.0,4.7
370,Sorland,80,NO,1533698577,99,67.67,12.69,58.51,9.86
371,Upata,8,VE,1533698577,83,8.02,-62.41,75.34,6.4
372,Shache,0,CN,1533698578,32,38.42,77.24,79.25,6.73
373,Brae,20,GB,1533696600,87,60.4,-1.35,55.4,4.7
374,Egvekinot,76,RU,1533698578,68,66.32,-179.17,52.84,1.81
375,Colares,20,PT,1533697200,82,38.8,-9.45,64.4,12.75
376,Azare,88,NG,1533698579,97,11.67,10.19,70.3,3.04
377,Moctezuma,44,MX,1533698579,90,29.81,-109.68,70.48,2.59
378,Merauke,56,ID,1533698579,80,-8.49,140.4,82.58,11.99
379,Cayenne,76,GF,1533697200,100,4.94,-52.33,77.0,3.36
380,Broome,0,GB,1533696960,88,52.47,1.45,62.6,8.05
381,Ola,90,RU,1533695400,87,59.58,151.3,59.0,8.95
382,Ilulissat,75,GL,1533696600,47,69.22,-51.1,57.2,20.8
383,Diffa,0,NE,1533698581,89,13.32,12.61,73.18,4.16
384,Wangqing,100,CN,1533698581,97,43.31,129.76,66.79,3.38
385,Sao Felix do Xingu,0,BR,1533698581,53,-6.64,-51.99,83.03,4.05
386,Nelson Bay,0,AU,1533697200,100,-32.72,152.14,66.2,25.28
387,Fecamp,75,FR,1533697200,77,49.76,0.37,60.8,16.11
388,North Bend,90,US,1533696960,93,43.41,-124.22,59.0,10.29
389,Aden,32,YE,1533698583,91,12.79,45.03,82.99,22.28
390,Luanda,75,AO,1533693600,88,-8.83,13.24,69.8,3.36
391,Port Hawkesbury,90,CA,1533697200,93,45.62,-61.36,66.2,4.7
392,High Level,75,CA,1533697200,49,58.52,-117.13,71.6,3.36
393,Geraldton,20,CA,1533697200,82,49.72,-86.95,59.0,10.29
394,Dahra,0,DZ,1533697200,54,36.25,0.85,78.8,4.7
395,Belluno,90,IT,1533696900,58,46.14,12.22,78.8,8.05
396,Watsa,88,CD,1533698585,99,3.04,29.53,65.26,1.92
397,Waipawa,92,NZ,1533698585,81,-39.94,176.59,56.75,8.3
398,Galle,1,US,1533696960,66,29.74,-97.91,87.8,6.93
399,Alta Floresta,8,BR,1533698586,58,-9.87,-56.08,78.35,2.82
400,Mexico,75,US,1533696720,94,44.56,-70.55,75.2,4.61
401,Tymovskoye,44,RU,1533698587,51,50.85,142.66,75.07,3.49
402,Ust-Charyshskaya Pristan,80,RU,1533698587,60,52.39,83.67,65.57,4.5
403,Ribeira Brava,20,PT,1533697200,73,32.65,-17.07,71.6,21.92
404,Beni Suef,0,EG,1533698588,68,29.07,31.1,75.02,9.08
405,Balfour,5,CA,1533697200,30,49.62,-116.96,82.4,6.93
406,Wuwei,0,CN,1533698503,84,37.93,102.64,69.67,3.71
407,Rovaniemi,0,FI,1533696600,93,66.5,25.72,51.8,8.05
408,Vigrestad,0,NO,1533696600,72,58.57,5.7,64.4,5.82
409,Coihaique,48,CL,1533693600,86,-45.58,-72.07,39.2,5.82
410,Wanning,8,AT,1533696600,88,48.64,13.53,64.4,3.36
411,Mascote,20,BR,1533698590,95,-15.56,-39.3,70.39,4.38
412,Leningradskiy,88,RU,1533698590,100,69.38,178.42,34.25,22.06
413,Narsaq,92,GL,1533696600,62,60.91,-46.05,51.8,1.12
414,Arroyo,40,US,1533696840,94,41.39,-78.88,69.8,3.36
415,Guerrero Negro,0,MX,1533698591,54,27.97,-114.04,80.02,3.94
416,San Gabriel,1,US,1533697080,29,34.1,-118.11,93.2,4.7
417,Olovyannaya,12,RU,1533698592,79,50.94,115.59,70.88,6.29
418,Chegdomyn,88,RU,1533698592,65,51.13,133.04,73.09,3.6
419,Khandbari,20,NP,1533698593,64,27.38,87.21,48.65,1.25
420,Arlit,24,NE,1533698593,81,18.74,7.39,77.0,5.73
421,La Ronge,75,CA,1533697200,72,55.1,-105.3,66.2,2.24
422,Khakhea,0,BW,1533698594,39,-24.69,23.5,46.0,5.84
423,Bayir,0,TR,1533696600,88,37.27,28.22,69.8,2.24
424,Kedrovyy,0,RU,1533695400,51,56.17,91.82,60.8,6.71
425,Saiha,0,IN,1533698595,85,22.49,92.98,77.86,1.36
426,Lyuban,0,BY,1533698595,89,52.8,28.0,58.82,2.82
427,Dali,76,CN,1533698595,99,25.6,100.24,66.07,2.15
428,Dosso,0,NE,1533698596,95,13.05,3.19,70.3,5.84
429,Cotui,40,DO,1533697200,83,19.05,-70.15,80.6,5.82
430,Ruston,1,US,1533698100,94,32.52,-92.64,78.8,5.28
431,Baiyin,75,CN,1533693600,88,36.55,104.13,66.2,2.24
432,Faya,0,SA,1533693600,52,18.39,42.45,68.0,4.61
433,Hamilton,40,BM,1533696900,78,32.3,-64.78,80.6,5.82
434,El Campo,1,US,1533697200,88,29.2,-96.27,82.4,5.82
435,El Estor,92,GT,1533698599,100,15.53,-89.34,71.15,1.36
436,Shebalino,24,RU,1533698599,72,51.29,85.68,64.67,2.71
437,Klaksvik,80,FO,1533696600,100,62.23,-6.59,50.0,3.36
438,Eyemouth,36,GB,1533696600,81,55.87,-2.09,53.6,9.17
439,Rocha,8,UY,1533698600,85,-34.48,-54.34,53.29,12.1
440,Cabra,0,ES,1533697200,52,37.47,-4.43,71.6,2.24
441,Blackwater,75,GB,1533696600,76,51.33,-0.78,66.2,9.17
442,Urengoy,88,RU,1533698602,93,65.96,78.37,56.57,22.06
443,La Romana,20,DO,1533697200,94,18.43,-68.97,82.4,5.73
444,Saurimo,0,AO,1533698602,70,-9.66,20.4,56.48,2.59
445,Sao Gabriel da Cachoeira,12,BR,1533698591,96,-0.13,-67.09,73.54,2.15
446,Aurangabad,64,IN,1533698603,82,19.87,75.33,77.0,14.67
447,Tepoztlan,75,MX,1533696420,82,18.98,-99.1,59.0,4.7
448,Touros,68,BR,1533698427,87,-5.2,-35.46,75.7,13.11
449,Santiago del Estero,8,AR,1533698604,85,-27.8,-64.26,65.53,5.61
450,Udachnyy,8,RU,1533698604,56,66.42,112.4,64.81,4.27
451,Isakly,64,RU,1533698605,51,54.13,51.53,72.91,6.73
452,Coari,0,BR,1533698605,88,-4.09,-63.14,76.33,3.15
453,Sao Raimundo das Mangabeiras,0,BR,1533698606,35,-7.02,-45.48,77.68,8.41
454,Chicama,90,PE,1533693600,93,-7.84,-79.15,60.8,5.82
455,Carauari,36,BR,1533698606,88,-4.88,-66.9,75.79,2.59
456,Kulhudhuffushi,64,MV,1533698606,100,6.62,73.07,81.73,18.48
457,San Policarpo,68,PH,1533698607,84,12.18,125.51,86.5,13.89
458,Isabela,88,PH,1533698607,85,10.2,122.99,80.15,8.63
459,Southbridge,40,US,1533697020,94,42.08,-72.03,78.8,8.05
460,Sarmanovo,75,RU,1533695400,93,55.25,52.59,60.8,13.42
461,Bilibino,8,RU,1533698608,58,68.06,166.44,55.13,3.04
462,Leshukonskoye,44,RU,1533698608,87,64.9,45.76,49.1,3.49
463,Arman,90,RU,1533695400,87,59.7,150.17,59.0,8.95
464,Lakes Entrance,8,AU,1533698609,63,-37.88,147.99,59.5,11.77
465,Kamaishi,40,JP,1533693600,65,39.28,141.86,82.4,17.22
466,Mizdah,32,LY,1533698610,75,31.45,12.98,70.84,3.6
467,Valdivia,75,CL,1533693600,100,-39.81,-73.25,35.6,2.24
468,Pandan,44,PH,1533698611,100,11.72,122.09,81.5,21.61
469,Turhal,40,TR,1533696600,67,40.38,36.08,60.8,2.24
470,Shebunino,92,RU,1533698611,93,57.66,40.04,58.1,10.98
471,Mercedes,92,UY,1533698612,95,-33.25,-58.03,60.22,13.67
472,Maudaha,88,IN,1533698612,97,25.68,80.11,79.97,10.98
473,Richards Bay,0,ZA,1533698612,70,-28.77,32.06,56.89,13.67
474,Chifeng,0,CN,1533698612,80,42.27,118.96,78.08,3.94
475,Nabire,80,ID,1533698613,88,-3.36,135.5,76.15,2.37
476,Ajaccio,0,FR,1533697200,78,41.93,8.74,75.2,6.93
477,The Valley,20,AI,1533697200,74,18.22,-63.06,82.4,11.41
478,Grand Gaube,75,MU,1533697200,73,-20.01,57.66,69.8,9.86
479,Corpus Christi,75,US,1533696960,83,27.8,-97.4,84.2,14.99
480,Ratanpur,92,IN,1533698614,97,23.11,87.07,78.76,12.88
481,San Rafael,0,AR,1533698615,32,-34.61,-68.33,35.47,5.17
482,Chateau-Thierry,90,FR,1533697200,72,49.05,3.4,68.0,13.87
483,Namatanai,20,PG,1533698616,100,-3.66,152.44,81.55,6.17
484,Weligama,76,LK,1533698616,100,5.97,80.42,76.37,10.87
485,Walla Walla,1,US,1533696960,20,46.06,-118.33,87.8,6.93
486,Alice Springs,0,AU,1533697200,16,-23.7,133.88,68.0,8.05
487,Glassboro,90,US,1533696960,94,39.7,-75.11,80.6,11.43
488,Brigantine,1,US,1533696960,94,39.41,-74.36,80.6,14.23
489,Martapura,12,ID,1533693600,74,-3.41,114.85,84.2,6.85
490,Kurilsk,44,RU,1533698618,87,45.23,147.88,58.06,13.22
491,Soderhamn,24,SE,1533698618,93,61.3,17.06,58.78,2.93
492,Mazagao,40,BR,1533697200,94,-0.12,-51.29,80.6,6.93
493,Kollo,0,NE,1533697200,100,13.34,2.32,75.2,5.82
494,Baraya,12,NE,1533698619,96,13.54,6.96,71.92,7.85
495,Baltiysk,0,RU,1533695400,88,54.66,19.91,62.6,6.71
496,Anandnagar,75,IN,1533695400,83,18.71,73.3,82.4,9.17
497,Abengourou,76,CI,1533698620,81,6.73,-3.5,72.82,8.3
498,Tulun,0,RU,1533698620,69,54.56,100.58,65.3,3.38
499,Cedar City,1,US,1533696780,10,37.68,-113.06,82.4,6.93
500,Mirai,92,BR,1533698621,98,-21.2,-42.61,59.0,3.38
501,Bloomingdale,75,US,1533698100,94,41.96,-88.08,71.6,0.81
502,Ayacucho,88,PE,1533698622,98,-13.16,-74.23,38.26,1.14
503,Prince Rupert,40,CA,1533697200,68,54.32,-130.32,68.0,1.81
504,Lasa,0,CY,1533697200,88,34.92,32.53,77.0,4.7
505,Samarai,20,PG,1533698624,100,-10.62,150.67,78.17,8.97
506,Thunder Bay,5,CA,1533697200,93,48.41,-89.26,57.2,4.7
507,Obidos,40,PT,1533697200,100,39.36,-9.16,62.6,6.93
508,Puerto Escondido,75,MX,1533696060,74,15.86,-97.07,78.8,6.96
509,Ahipara,92,NZ,1533698626,93,-35.17,173.16,57.88,20.27
510,Birin,0,SY,1533698626,94,35.01,36.67,69.4,10.65
511,Mazatlan,75,MX,1533696300,70,23.22,-106.42,84.2,6.93
512,Seoul,20,KR,1533695400,52,37.57,126.98,91.4,5.82
513,Hay River,75,CA,1533697200,88,60.82,-115.79,62.6,5.82
514,Megion,0,RU,1533695400,93,61.04,76.11,60.8,8.95
515,Chapais,75,CA,1533697200,82,49.78,-74.86,62.6,2.24
516,Tobetsu,75,JP,1533695400,56,43.26,141.53,71.6,9.17
517,Poroshkovo,0,UA,1533693600,82,48.67,22.75,60.8,2.71
518,Jiuquan,0,CN,1533698628,55,39.73,98.49,70.88,3.71
519,Pacific Grove,90,US,1533697020,93,36.62,-121.92,69.8,8.05
520,Bida,88,NG,1533698629,98,9.08,6.02,72.95,2.71
521,Nouakchott,80,MR,1533698377,100,18.08,-15.98,76.51,9.98
522,Xinyang,0,CN,1533698629,72,32.13,114.07,94.24,1.59
523,Masuguru,0,MZ,1533698630,87,-11.38,38.46,65.12,4.38
524,Monticello,1,US,1533698100,82,45.31,-93.79,73.4,3.36
525,Batagay-Alyta,0,RU,1533698630,48,67.8,130.41,64.58,4.16
526,Abu Samrah,0,SY,1533698631,96,35.3,37.18,70.12,10.98
527,Honningsvag,75,NO,1533696600,71,70.98,25.97,50.0,23.04
528,Agadir,20,MA,1533697200,88,30.42,-9.58,68.0,6.93
529,Biltine,44,TD,1533698632,98,14.53,20.93,67.33,4.16
530,Taylor,1,US,1533697080,58,30.57,-97.41,87.8,6.93
531,Ashqelon,40,IL,1533696600,74,31.67,34.57,80.6,4.7
532,Matara,36,PE,1533698633,93,-13.74,-72.9,39.02,1.48
533,Coahuayana,0,MX,1533698634,85,18.62,-100.35,69.04,1.36
534,Kibre Mengist,0,ET,1533698634,86,5.87,38.99,42.94,2.15
535,De Aar,0,ZA,1533698634,70,-30.65,24.01,22.24,7.74
536,Deputatskiy,0,RU,1533698635,49,69.3,139.9,57.02,7.96
537,Medvedka,0,RU,1533698635,89,61.17,46.39,49.87,8.52
538,Juba,0,EE,1533696600,93,57.82,26.93,51.8,3.36
539,Micomeseng,88,GQ,1533698636,93,2.15,10.62,69.98,2.71
540,Sakaiminato,40,JP,1533693600,51,35.55,133.23,82.4,9.17
541,Buchanan,75,LR,1533697200,94,5.88,-10.05,73.4,9.19
542,Vostok,56,RU,1533698637,68,46.45,135.83,70.39,2.82
543,Lancaster,1,US,1533696960,100,40.04,-76.31,75.2,4.27
544,Ostrovnoy,36,RU,1533698637,77,68.05,39.51,47.98,12.88
545,Bulancak,88,TR,1533698638,97,40.94,38.23,62.47,2.37
546,Fairbanks,90,US,1533697080,54,64.84,-147.72,59.0,6.93
547,Sri Aman,75,MY,1533697200,66,1.24,111.46,87.8,8.05
548,Klyuchi,12,RU,1533698639,58,52.25,79.17,68.9,4.61
549,Kauhajoki,0,FI,1533696600,100,62.43,22.18,42.8,3.36
550,Waddan,0,LY,1533698639,34,29.16,16.14,85.37,9.86
551,Romitan,0,UZ,1533695400,47,39.93,64.38,78.8,9.17
552,Araouane,0,ML,1533698640,46,18.9,-3.53,86.68,10.98
553,Neuquen,0,AR,1533693600,45,-38.95,-68.06,48.2,4.7
554,Cabedelo,20,BR,1533693600,88,-6.97,-34.84,73.4,6.93
555,Harper,1,US,1533696900,48,30.3,-99.24,89.6,4.7
556,Les Cayes,20,HT,1533698641,98,18.19,-73.75,83.26,16.91
557,Ust-Tsilma,8,RU,1533698641,92,65.44,52.15,50.23,6.96
558,Pervoye Maya,0,KG,1533698642,51,40.63,73.68,65.12,1.92
559,Soyo,44,AO,1533698642,96,-6.13,12.37,63.91,2.93
560,Saint-Joseph,0,FR,1533697200,83,43.56,6.97,77.0,3.36
561,Tsaratanana,0,MG,1533698643,84,-16.8,47.65,53.42,3.15
562,Kaifeng,0,CN,1533693600,66,34.8,114.35,91.4,4.47
563,Selenice,24,AL,1533698644,78,40.53,19.64,65.17,2.71
564,Juegang,0,CN,1533698644,87,32.31,121.18,87.13,10.2
565,Moron,20,VE,1533697200,83,10.49,-68.2,77.0,2.37
566,Beira,88,ES,1533697200,93,43.2,-8.36,60.8,3.36
567,Todos Santos,90,MX,1533696180,83,23.45,-110.23,84.2,6.93
568,Kuvandyk,0,RU,1533698646,64,51.48,57.35,71.87,4.27
569,Poya,48,NC,1533698646,100,-21.35,165.16,70.66,9.42
570,Sehithwa,0,BW,1533698646,76,-20.47,22.7,58.51,3.15
571,Buala,0,SB,1533698647,75,-8.15,159.59,84.79,6.96
572,Atar,0,MR,1533698647,44,20.52,-13.05,85.51,8.75
573,Talcahuano,0,CL,1533693600,93,-36.72,-73.12,42.8,8.05
574,Cantagalo,56,BR,1533698475,100,-21.98,-42.37,51.98,2.59
575,Noumea,0,NC,1533697200,50,-22.28,166.46,77.0,9.17
576,Masterton,92,NZ,1533698648,92,-40.95,175.66,52.48,8.97
577,Kununurra,0,AU,1533697200,9,-15.77,128.74,84.2,10.29
578,Sibu,75,MY,1533693600,70,2.29,111.83,84.2,3.36
579,Tucuman,0,PE,1533698649,61,-17.17,-70.89,50.86,2.37
580,Adrar,0,DZ,1533697200,22,27.87,-0.29,89.6,5.82
581,Baraboo,90,US,1533696960,93,43.47,-89.74,69.8,2.71
582,Carutapera,12,BR,1533698527,82,-1.2,-46.02,79.07,10.09
583,Ekhabi,0,RU,1533698650,77,53.51,142.97,71.74,3.83
584,Beauceville,92,CA,1533698651,97,46.21,-70.77,67.15,3.27
585,Cabo Rojo,90,PR,1533696600,83,18.09,-67.15,80.6,8.05
586,Hovd,0,NO,1533696600,77,63.83,10.7,60.8,1.12
587,Yaan,92,NG,1533698652,97,7.38,8.57,72.55,6.73
588,Velingara,92,SN,1533698652,91,13.64,-16.01,76.42,4.61
589,Barkot,32,IN,1533698653,92,30.81,78.21,71.29,0.36
590,Manacapuru,0,BR,1533698653,89,-3.3,-60.62,77.0,2.59
591,Opotiki,80,NZ,1533698654,98,-38.01,177.29,58.24,12.21
592,Sioux Lookout,75,CA,1533697200,77,50.1,-91.92,71.6,6.93
593,Yago,80,MX,1533698654,78,21.83,-105.07,78.04,2.37
594,Dong Xoai,92,VN,1533698655,98,11.53,106.92,75.38,6.17
595,Salinopolis,36,BR,1533698655,95,-0.61,-47.36,80.42,15.46
596,Verkhoyansk,0,RU,1533698655,48,67.55,133.39,66.61,3.71
597,Margate,40,AU,1533697380,47,-43.03,147.26,59.0,23.04
598,Karpathos,20,GR,1533696600,78,35.51,27.21,78.8,25.28
599,Walvis Bay,0,NA,1533698656,100,-22.95,14.51,55.27,15.01
600,Gao,0,ML,1533698657,70,16.28,-0.04,78.8,11.65
601,Kazachinskoye,0,RU,1533698657,60,57.69,93.28,62.56,6.4
602,Phan Thiet,92,VN,1533698658,100,10.93,108.1,79.07,15.9
603,Rio Cuarto,0,AR,1533693600,57,-33.13,-64.35,48.2,13.87
604,Moranbah,0,AU,1533698658,22,-22.0,148.04,70.39,10.2
605,Hope,1,CA,1533697200,39,49.38,-121.43,84.2,6.93
606,Ketchikan,40,US,1533696960,52,55.34,-131.65,69.8,9.17
607,Padang,44,ID,1533698588,100,-0.92,100.36,79.25,2.48
608,Tabon,75,PH,1533697200,84,14.31,121.23,86.0,8.05
609,North Platte,1,US,1533696780,73,41.12,-100.77,69.8,5.82
610,Saint-Augustin,75,FR,1533697200,88,44.83,-0.61,66.2,3.36
611,Mamlyutka,75,KZ,1533695400,93,54.94,68.54,64.4,2.24
612,Jati,48,PK,1533698661,76,24.35,68.27,81.37,6.4
613,Juneau,90,US,1533696960,93,58.3,-134.42,59.0,12.75
614,Guarapari,75,BR,1533693600,88,-20.67,-40.5,69.8,10.29
615,Sioux Falls,20,US,1533696960,78,43.55,-96.7,71.6,3.36
616,Mudgee,0,AU,1533698662,78,-32.6,149.59,54.23,16.69
617,Fort Nelson,75,CA,1533697200,41,58.81,-122.69,75.2,5.82
618,Dir,20,CM,1533698662,98,6.33,13.54,63.77,3.27
619,Barcelona,20,ES,1533697200,61,41.38,2.18,78.8,10.29
620,Khudat,8,AZ,1533698664,80,41.63,48.68,66.65,3.49
621,Rumoi,75,JP,1533693600,49,43.93,141.67,73.4,10.29
622,Ulaangom,24,MN,1533698664,89,49.98,92.07,58.37,3.38
623,Raudeberg,92,NO,1533696600,88,61.99,5.14,62.6,10.29
624,Avera,1,US,1533696900,94,33.19,-82.53,77.0,5.28
625,Erba,40,IT,1533696600,93,45.81,9.23,73.4,2.24
626,Soanierana Ivongo,40,MG,1533697200,83,-16.92,49.59,69.8,1.36
627,Kutum,44,SD,1533698666,97,14.2,24.66,61.43,3.04
628,Iquitos,0,PE,1533697200,94,-3.75,-73.25,73.4,3.38
629,Pozoblanco,0,ES,1533697200,52,38.38,-4.85,69.8,2.24
630,San Cristobal,75,EC,1533697200,87,-0.39,-78.55,53.6,6.93
631,Rawson,0,AR,1533698667,80,-43.3,-65.11,35.33,7.74
632,Antofagasta,90,CL,1533693600,76,-23.65,-70.4,55.4,4.7
633,Vila,0,IT,1533696600,73,45.18,8.4,69.8,8.05
634,Marystown,92,CA,1533698668,96,47.17,-55.16,60.35,8.3
635,Tateyama,75,JP,1533693600,74,36.66,137.31,80.6,4.7
636,Culebra,1,US,1533696900,46,34.68,-105.77,73.4,6.93
637,Abalak,36,NE,1533698669,87,15.46,6.28,74.17,8.97
638,Orlik,0,RU,1533698669,67,52.51,99.83,57.7,2.37
639,Youghal,75,IE,1533695400,93,51.95,-7.85,53.6,5.82
640,Mitu,0,IR,1533698670,63,36.2,46.09,56.48,2.15
641,Risor,8,NO,1533698670,97,58.72,9.23,57.65,5.28
642,Murakami,20,JP,1533694800,62,38.29,139.58,86.0,19.46
643,Hamm,44,DE,1533696600,50,51.68,7.82,78.8,6.93
644,Khandyga,64,RU,1533698671,81,62.65,135.58,65.3,3.49
645,Griffith,44,AU,1533698398,83,-34.29,146.06,53.74,13.44
646,Lethem,8,GY,1533698672,68,3.38,-59.8,80.15,9.75
647,Port-Gentil,24,GA,1533698672,100,-0.72,8.78,72.28,8.63
648,Kapit,0,MY,1533698672,77,2.02,112.94,83.98,2.59
649,Bilma,0,NE,1533698672,59,18.69,12.92,79.43,8.75
650,Balad,12,ID,1533698673,92,-6.76,108.42,81.95,8.19
651,Lamu,8,ID,1533698673,70,0.57,122.3,83.57,6.06
652,Formosa,0,AR,1533693600,73,-26.19,-58.17,69.8,10.29
653,Hirara,40,JP,1533693600,70,24.8,125.28,87.8,9.17
654,Leh,76,IN,1533698674,84,34.16,77.58,39.97,0.36
655,Aitape,32,PG,1533698674,94,-3.15,142.36,81.77,4.72
656,Beterou,68,BJ,1533698675,98,9.2,2.26,69.62,4.61
657,Bima,0,ID,1533698675,62,-8.45,118.73,85.55,4.05
658,Chongwe,0,ZM,1533698675,72,-15.33,28.68,53.87,5.95
659,Manadhoo,44,MV,1533698676,100,5.77,73.38,80.47,17.81
660,San Quintin,75,PH,1533697200,74,17.54,120.52,87.8,4.7
661,Aripuana,0,BR,1533698676,84,-9.17,-60.63,78.53,1.81
662,Sao Sebastiao,0,BR,1533698677,85,-3.15,-58.36,78.98,1.92
663,Tulum,40,MX,1533696300,94,20.21,-87.46,78.8,3.36
664,Hambantota,48,LK,1533698677,99,6.12,81.12,78.94,16.02
665,Mattru,92,SL,1533698678,100,7.62,-11.83,72.37,4.94
666,Kyzyl-Suu,64,KG,1533698678,100,42.34,78.0,61.84,3.49
667,Mandalgovi,8,MN,1533698678,72,45.76,106.27,74.44,9.08
668,Lengshuitan,12,CN,1533698678,75,26.41,111.6,89.78,4.05
669,Itagiba,0,BR,1533698679,86,-29.52,-50.57,44.2,4.16
670,Nioki,24,CD,1533698679,77,-2.72,17.69,73.9,3.6
671,Kirkenes,75,NO,1533696600,76,69.73,30.05,50.0,6.93
672,Bubaque,40,GW,1533693600,94,11.28,-15.83,77.0,14.56
673,Honiara,20,SB,1533697200,55,-9.43,159.96,87.8,11.41
674,Whitehorse,90,CA,1533697200,55,60.72,-135.06,60.8,23.04
675,Novosergiyevka,24,RU,1533698681,89,52.08,53.65,67.96,4.16
676,Christchurch,88,NZ,1533697200,71,-43.53,172.64,53.6,4.7
